certificateName,url,altText
ACP,/img/Book/ACP/ACP.jpg,대표 이미지
ACP,/img/Book/ACP/ACP_2.jpg,대표 이미지
옥외광고사,/img/Book/advertisement_engineer/advertisement_engineer.jpg,대표 이미지
옥외광고사,/img/Book/advertisement_engineer/advertisement_engineer_2.jpg,대표 이미지
옥외광고사,/img/Book/advertisement_engineer/advertisement_engineer_3.jpg,대표 이미지
인공지능산업기사,/img/Book/ai_industry/ai_industry.jpg,대표 이미지
인공지능산업기사,/img/Book/ai_industry/ai_industry_2.jpg,대표 이미지
동물간호복지사,/img/Book/animal_nurse/animal_nurse.jpg,대표 이미지
동물간호복지사,/img/Book/animal_nurse/animal_nurse_2.jpg,대표 이미지
동물간호복지사,/img/Book/animal_nurse/animal_nurse_3.jpg,대표 이미지
바리스타(1급),/img/Book/barista/barista.jpg,대표 이미지
바리스타(1급),/img/Book/barista/barista_2.jpg,대표 이미지
빅데이터분석기사,/img/Book/big_data_analyst/big_data_analyst.jpg,대표 이미지
빅데이터분석기사,/img/Book/big_data_analyst/big_data_analyst_2.jpg,대표 이미지
바이오화학제품제조기사,/img/Book/biochemical_manufacturing/biochemical_manufacturing.jpg,대표 이미지
바이오화학제품제조기사,/img/Book/biochemical_manufacturing/biochemical_manufacturing_2.jpg,대표 이미지
제과기능사,/img/Book/bread/bread.jpg,대표 이미지
제과기능사,/img/Book/bread/bread_2.jpg,대표 이미지
제과기능사,/img/Book/bread/bread_3.jpg,대표 이미지
화학분석기능사,/img/Book/chemical_analysis_technician/chemical_analysis_technician.jpg,대표 이미지
화학분석기능사,/img/Book/chemical_analysis_technician/chemical_analysis_technician_2.jpg,대표 이미지
화학분석기능사,/img/Book/chemical_analysis_technician/chemical_analysis_technician_3.jpg,대표 이미지
화공기사,/img/Book/chemical_engineer/chemical_engineer.jpg,대표 이미지
화공기사,/img/Book/chemical_engineer/chemical_engineer_2.jpg,대표 이미지
의류기사,/img/Book/cloth_design/cloth_design.jpg,대표 이미지
전산회계 1급,/img/Book/computerized_accounting/computerized_accounting.jpg,대표 이미지
전산회계 1급,/img/Book/computerized_accounting/computerized_accounting_2.jpg,대표 이미지
컴퓨터그래픽기능사,/img/Book/computer_graphic/computer_graphic.jpg,대표 이미지
컴퓨터그래픽기능사,/img/Book/computer_graphic/computer_graphic_2.jpg,대표 이미지
컴퓨터그래픽기능사,/img/Book/computer_graphic/computer_graphic_3.jpg,대표 이미지
화장품제조관리사,/img/Book/cosmetic_ manufacturing_manager/cosmetic_ manufacturing_manager.jpg,대표 이미지
화장품제조관리사,/img/Book/cosmetic_ manufacturing_manager/cosmetic_ manufacturing_manager_2.jpg,대표 이미지
CS Leaders(서비스경영자격),/img/Book/CS_Leaders/CS_Leaders.jpg,대표 이미지
CS Leaders(서비스경영자격),/img/Book/CS_Leaders/CS_Leaders_2.jpg,대표 이미지
CS Leaders(서비스경영자격),/img/Book/CS_Leaders/CS_Leaders_3.jpg,대표 이미지
CS Leaders(서비스경영자격),/img/Book/CS_Leaders/CS_Leaders_4.jpg,대표 이미지
문화예술교육사,/img/Book/culture_art/culture_art.jpg,대표 이미지
문화예술교육사,/img/Book/culture_art/culture_art_2.jpg,대표 이미지
문화예술교육사,/img/Book/culture_art/culture_art_3.jpg,대표 이미지
culture_art_2,/img/Book/culture_art_2/culture_art.jpg,대표 이미지
culture_art_2,/img/Book/culture_art_2/culture_art_2.jpg,대표 이미지
culture_art_2,/img/Book/culture_art_2/culture_art_3.jpg,대표 이미지
전기공사기사,/img/Book/electrical_work_engineer/electrical_work_engineer.jpg,대표 이미지
전기공사기사,/img/Book/electrical_work_engineer/electrical_work_engineer_2.jpg,대표 이미지
전기공사기사,/img/Book/electrical_work_engineer/electrical_work_engineer_3.jpg,대표 이미지
전기공사기사,/img/Book/electrical_work_engineer/electrical_work_engineer_4.jpg,대표 이미지
전기기사,/img/Book/electric_engineer/electric_engineer.jpg,대표 이미지
전기기사,/img/Book/electric_engineer/electric_engineer_2.jpg,대표 이미지
전기기사,/img/Book/electric_engineer/electric_engineer_3.jpg,대표 이미지
전기기사,/img/Book/electric_engineer/electric_engineer_4.jpg,대표 이미지
전기산업기사,/img/Book/electric_engineering/electric_engineering.jpg,대표 이미지
전기산업기사,/img/Book/electric_engineering/electric_engineering_2.jpg,대표 이미지
전기산업기사,/img/Book/electric_engineering/electric_engineering_3.jpg,대표 이미지
전기산업기사,/img/Book/electric_engineering/electric_engineering_4.jpg,대표 이미지
전자기사,/img/Book/electronic_engineer/electronic_engineer.jpg,대표 이미지
전자기사,/img/Book/electronic_engineer/electronic_engineer_2.jpg,대표 이미지
전자기사,/img/Book/electronic_engineer/electronic_engineer_3.jpg,대표 이미지
응급구조사,/img/Book/emergency/emergency.jpg,대표 이미지
응급구조사,/img/Book/emergency/emergency_2.jpg,대표 이미지
응급구조사,/img/Book/emergency/emergency_3.jpg,대표 이미지
건설기계설비기사,/img/Book/engineer_construction/engineer_construction_equipment.jpg,대표 이미지
건설기계설비기사,/img/Book/engineer_construction/engineer_construction_equipment_2.jpg,대표 이미지
건설기계설비기사,/img/Book/engineer_construction/engineer_construction_equipment_3.jpg,대표 이미지
건설기계설비기사,/img/Book/engineer_construction/engineer_construction_equipment_4.jpg,대표 이미지
위험물산업기사,/img/Book/engineer_hazardous/engineer_hazardous.jpg,대표 이미지
위험물산업기사,/img/Book/engineer_hazardous/engineer_hazardous_2.jpg,대표 이미지
위험물산업기사,/img/Book/engineer_hazardous/engineer_hazardous_3.jpg,대표 이미지
위험물산업기사,/img/Book/engineer_hazardous/engineer_hazardous_4.jpg,대표 이미지
ERP정보관리사,/img/Book/ERP_information/ERP_ Information.jpg,대표 이미지
ERP정보관리사,/img/Book/ERP_information/ERP_ Information_2.jpg,대표 이미지
ERP정보관리사,/img/Book/ERP_information/ERP_ Information_3.jpg,대표 이미지
패션디자인산업기사,/img/Book/fashion_design/fashion_design.jpg,대표 이미지
패션디자인산업기사,/img/Book/fashion_design/fashion_design_2.jpg,대표 이미지
게임그래픽전문가,/img/Book/game_graphic_designer/game_graphic_designer.jpg,대표 이미지
게임그래픽전문가,/img/Book/game_graphic_designer/game_graphic_designer_2.jpg,대표 이미지
게임기획전문가,/img/Book/game_planner/game_planner.jpg,대표 이미지
게임기획전문가,/img/Book/game_planner/game_planner_2.jpg,대표 이미지
게임기획전문가,/img/Book/game_planner/game_planner_3.jpg,대표 이미지
GTQ,/img/Book/graphic_design/graphic_design.jpg,대표 이미지
GTQ,/img/Book/graphic_design/graphic_design_2.jpg,대표 이미지
병원행정사,/img/Book/hospital_ administrator/hospital_ administrator.jpg,대표 이미지
병원행정사,/img/Book/hospital_ administrator/hospital_ administrator_2.jpg,대표 이미지
병원행정사,/img/Book/hospital_ administrator/hospital_ administrator_3.jpg,대표 이미지
호텔서비스사,/img/Book/hotel_service/hotel_service.jpg,대표 이미지
호텔서비스사,/img/Book/hotel_service/hotel_service_2.jpg,대표 이미지
위생사,/img/Book/hygienist/hygienist.jpg,대표 이미지
위생사,/img/Book/hygienist/hygienist_2.jpg,대표 이미지
위생사,/img/Book/hygienist/hygienist_3.jpg,대표 이미지
위생사,/img/Book/hygienist/hygienist_4.jpg,대표 이미지
제품디자인산업기사,/img/Book/industrial_engineer_product_design/industrial_engineer_product_design.jpg,대표 이미지
제품디자인산업기사,/img/Book/industrial_engineer_product_design/industrial_engineer_product_design_2.jpg,대표 이미지
정보통신기사,/img/Book/information_engineer/information_engineer.jpg,대표 이미지
정보통신기사,/img/Book/information_engineer/information_engineer_2.jpg,대표 이미지
정보통신기사,/img/Book/information_engineer/information_engineer_3.jpg,대표 이미지
정보통신기사,/img/Book/information_engineer/information_engineer_4.jpg,대표 이미지
정보처리기사,/img/Book/information_processing_engineer/information_processing_engineer.jpg,대표 이미지
정보처리기사,/img/Book/information_processing_engineer/information_processing_engineer_2.jpg,대표 이미지
정보처리기사,/img/Book/information_processing_engineer/information_processing_engineer_3.jpg,대표 이미지
정보처리기사,/img/Book/information_processing_engineer/information_processing_engineer_4.jpg,대표 이미지
실내건축산업기사,/img/Book/interior_ architecture/interior_ architecture.jpg,대표 이미지
실내건축산업기사,/img/Book/interior_ architecture/interior_ architecture_2.jpg,대표 이미지
실내건축산업기사,/img/Book/interior_ architecture/interior_ architecture_3.jpg,대표 이미지
JLPT,/img/Book/JLPT/JLPT.jpg,대표 이미지
JLPT,/img/Book/JLPT/JLPT_2.jpg,대표 이미지
JLPT,/img/Book/JLPT/JLPT_3.jpg,대표 이미지
한식조리기능사,/img/Book/korean_food/korean_food.jpg,대표 이미지
한식조리기능사,/img/Book/korean_food/korean_food_2.jpg,대표 이미지
한식조리기능사,/img/Book/korean_food/korean_food_3.jpg,대표 이미지
미용사(메이크업),/img/Book/makeup_ beautician/makeup_ beautician.jpg,대표 이미지
미용사(메이크업),/img/Book/makeup_ beautician/makeup_ beautician_2.jpg,대표 이미지
미용사(메이크업),/img/Book/makeup_ beautician/makeup_ beautician_3.jpg,대표 이미지
일반기계기사,/img/Book/mechanic/mechanical_engineer.jpg,대표 이미지
일반기계기사,/img/Book/mechanic/mechanical_engineer_2.jpg,대표 이미지
일반기계기사,/img/Book/mechanic/mechanical_engineer_3.jpg,대표 이미지
일반기계기사,/img/Book/mechanic/mechanical_engineer_4.jpg,대표 이미지
소방설비기사(전기),/img/Book/mechanical_electric/mechanical_electric.jpg,대표 이미지
소방설비기사(전기),/img/Book/mechanical_electric/mechanical_electric_2.jpg,대표 이미지
소방설비기사(전기),/img/Book/mechanical_electric/mechanical_electric_3.jpg,대표 이미지
소방설비기사(전기),/img/Book/mechanical_electric/mechanical_electric_4.jpg,대표 이미지
소방설비기사(기계),/img/Book/mechanical_fire/mechanical_fire.jpg,대표 이미지
소방설비기사(기계),/img/Book/mechanical_fire/mechanical_fire_2.jpg,대표 이미지
소방설비기사(기계),/img/Book/mechanical_fire/mechanical_fire_3.jpg,대표 이미지
소방설비기사(기계),/img/Book/mechanical_fire/mechanical_fire_4.jpg,대표 이미지
의료정보관리사,/img/Book/medical_information/medical_information.jpg,대표 이미지
의료정보관리사,/img/Book/medical_information/medical_information_2.jpg,대표 이미지
의료정보관리사,/img/Book/medical_information/medical_information_3.jpg,대표 이미지
멀티미디어콘텐츠제작전문가,/img/Book/multimedia_content/multimedia_content.jpg,대표 이미지
멀티미디어콘텐츠제작전문가,/img/Book/multimedia_content/multimedia_content_2.jpg,대표 이미지
멀티미디어콘텐츠제작전문가,/img/Book/multimedia_content/multimedia_content_3.jpg,대표 이미지
영양사,/img/Book/nutritionist/nutritionist.jpg,대표 이미지
영양사,/img/Book/nutritionist/nutritionist_2.jpg,대표 이미지
영양사,/img/Book/nutritionist/nutritionist_3.jpg,대표 이미지
영양사,/img/Book/nutritionist/nutritionist_4.jpg,대표 이미지
작업치료사,/img/Book/occupational_therapist/occupational_therapist.jpg,대표 이미지
작업치료사,/img/Book/occupational_therapist/occupational_therapist_2.jpg,대표 이미지
작업치료사,/img/Book/occupational_therapist/occupational_therapist_3.png,대표 이미지
반려동물종합관리사,/img/Book/pets/pets.jpg,대표 이미지
반려동물종합관리사,/img/Book/pets/pets_2.jpg,대표 이미지
무선설비기사,/img/Book/radio_engineer/radio_engineer.jpg,대표 이미지
무선설비기사,/img/Book/radio_engineer/radio_engineer_2.jpg,대표 이미지
무선설비기사,/img/Book/radio_engineer/radio_engineer_3.jpg,대표 이미지
무선설비기사,/img/Book/radio_engineer/radio_engineer_4.jpg,대표 이미지
재활운동전문가,/img/Book/rehabilitation_ specialist/rehabilitation_ specialist.jpg,대표 이미지
재활운동전문가,/img/Book/rehabilitation_ specialist/rehabilitation_ specialist_2.jpg,대표 이미지
사회복지사 1급,/img/Book/social_worker/social_worker.jpg,대표 이미지
사회복지사 1급,/img/Book/social_worker/social_worker_2.jpg,대표 이미지
사회복지사 1급,/img/Book/social_worker/social_worker_3.jpg,대표 이미지
관광통역안내사,/img/Book/tour_guide/tour_guide.jpg,대표 이미지
관광통역안내사,/img/Book/tour_guide/tour_guide_2.jpg,대표 이미지
관광통역안내사,/img/Book/tour_guide/tour_guide_3.jpg,대표 이미지
영상편집전문가,/img/Book/video_editing/video_editing.jpg,대표 이미지
영상편집전문가,/img/Book/video_editing/video_editing_2.jpg,대표 이미지
영상편집전문가,/img/Book/video_editing/video_editing_3.jpg,대표 이미지
시각디자인산업기사,/img/Book/visual_communication_design/visual_communication_design.jpg,대표 이미지
시각디자인산업기사,/img/Book/visual_communication_design/visual_communication_design_2.jpg,대표 이미지
시각디자인산업기사,/img/Book/visual_communication_design/visual_communication_design_3.jpg,대표 이미지
양식조리기능사,/img/Book/western_food/western_food.jpg,대표 이미지
양식조리기능사,/img/Book/western_food/western_food_2.jpg,대표 이미지
양식조리기능사,/img/Book/western_food/western_food_3.jpg,대표 이미지
